{
  "hash": "89bd5703",
  "configHash": "36fb56bf",
  "lockfileHash": "fd864b27",
  "browserHash": "220c898d",
  "optimized": {
    "@angular/common": {
      "src": "../../../../../../node_modules/@angular/common/fesm2022/common.mjs",
      "file": "@angular_common.js",
      "fileHash": "1919e2f1",
      "needsInterop": false
    },
    "@angular/core": {
      "src": "../../../../../../node_modules/@angular/core/fesm2022/core.mjs",
      "file": "@angular_core.js",
      "fileHash": "67689fd7",
      "needsInterop": false
    },
    "@angular/material/toolbar": {
      "src": "../../../../../../node_modules/@angular/material/fesm2022/toolbar.mjs",
      "file": "@angular_material_toolbar.js",
      "fileHash": "04f22710",
      "needsInterop": false
    },
    "@angular/platform-browser": {
      "src": "../../../../../../node_modules/@angular/platform-browser/fesm2022/platform-browser.mjs",
      "file": "@angular_platform-browser.js",
      "fileHash": "ddb122f7",
      "needsInterop": false
    },
    "@angular/platform-browser/animations/async": {
      "src": "../../../../../../node_modules/@angular/platform-browser/fesm2022/animations/async.mjs",
      "file": "@angular_platform-browser_animations_async.js",
      "fileHash": "a3da514d",
      "needsInterop": false
    },
    "@angular/platform-server": {
      "src": "../../../../../../node_modules/@angular/platform-server/fesm2022/platform-server.mjs",
      "file": "@angular_platform-server.js",
      "fileHash": "5a6a0d46",
      "needsInterop": false
    },
    "@angular/router": {
      "src": "../../../../../../node_modules/@angular/router/fesm2022/router.mjs",
      "file": "@angular_router.js",
      "fileHash": "45760477",
      "needsInterop": false
    },
    "@angular/ssr": {
      "src": "../../../../../../node_modules/@angular/ssr/fesm2022/ssr.mjs",
      "file": "@angular_ssr.js",
      "fileHash": "e8e90ba2",
      "needsInterop": false
    },
    "@angular/ssr/node": {
      "src": "../../../../../../node_modules/@angular/ssr/fesm2022/node.mjs",
      "file": "@angular_ssr_node.js",
      "fileHash": "e11942d2",
      "needsInterop": false
    },
    "express": {
      "src": "../../../../../../node_modules/express/index.js",
      "file": "express.js",
      "fileHash": "454b44f5",
      "needsInterop": true
    }
  },
  "chunks": {
    "browser-JNGMVX4R": {
      "file": "browser-JNGMVX4R.js"
    },
    "xhr2-TXIMV6CV": {
      "file": "xhr2-TXIMV6CV.js"
    },
    "chunk-YGSCVG7E": {
      "file": "chunk-YGSCVG7E.js"
    },
    "chunk-BVZFY3DQ": {
      "file": "chunk-BVZFY3DQ.js"
    },
    "chunk-EZC3NJF4": {
      "file": "chunk-EZC3NJF4.js"
    },
    "chunk-FZMWTS62": {
      "file": "chunk-FZMWTS62.js"
    },
    "chunk-OHMV2EL6": {
      "file": "chunk-OHMV2EL6.js"
    },
    "chunk-S2S4L4SW": {
      "file": "chunk-S2S4L4SW.js"
    },
    "chunk-5NWSY2SV": {
      "file": "chunk-5NWSY2SV.js"
    },
    "chunk-YHCV7DAQ": {
      "file": "chunk-YHCV7DAQ.js"
    }
  }
}