{
  "hash": "fe3a8ec4",
  "configHash": "6ff3176d",
  "lockfileHash": "fd864b27",
  "browserHash": "f0ebc8a9",
  "optimized": {
    "@angular/common": {
      "src": "../../../../../../node_modules/@angular/common/fesm2022/common.mjs",
      "file": "@angular_common.js",
      "fileHash": "17ba3933",
      "needsInterop": false
    },
    "@angular/core": {
      "src": "../../../../../../node_modules/@angular/core/fesm2022/core.mjs",
      "file": "@angular_core.js",
      "fileHash": "974a3b19",
      "needsInterop": false
    },
    "@angular/material/toolbar": {
      "src": "../../../../../../node_modules/@angular/material/fesm2022/toolbar.mjs",
      "file": "@angular_material_toolbar.js",
      "fileHash": "18f6e359",
      "needsInterop": false
    },
    "@angular/platform-browser": {
      "src": "../../../../../../node_modules/@angular/platform-browser/fesm2022/platform-browser.mjs",
      "file": "@angular_platform-browser.js",
      "fileHash": "c048a305",
      "needsInterop": false
    },
    "@angular/platform-browser/animations/async": {
      "src": "../../../../../../node_modules/@angular/platform-browser/fesm2022/animations/async.mjs",
      "file": "@angular_platform-browser_animations_async.js",
      "fileHash": "eea5d169",
      "needsInterop": false
    },
    "@angular/router": {
      "src": "../../../../../../node_modules/@angular/router/fesm2022/router.mjs",
      "file": "@angular_router.js",
      "fileHash": "a20345c4",
      "needsInterop": false
    }
  },
  "chunks": {
    "chunk-O6YRENUL": {
      "file": "chunk-O6YRENUL.js"
    },
    "browser-5PYTNG23": {
      "file": "browser-5PYTNG23.js"
    },
    "chunk-PPGMHL4H": {
      "file": "chunk-PPGMHL4H.js"
    },
    "chunk-DQ2PBNHQ": {
      "file": "chunk-DQ2PBNHQ.js"
    }
  }
}